,RMSE,MSE,MAE,EVS,R2,Max Error
0,0.8207595799983158,0.6736462881590118,0.5215654236192823,0.36459633965365257,0.3629256234581376,3.1261128727229757
