,RMSE,MSE,MAE,EVS,R2,Max Error
0,0.7596218639236586,0.5770253761508533,0.49874622244756084,0.4764913837501559,0.4692543483380647,3.8192798563597337
