,RMSE,MSE,MAE,EVS,R2,Max Error
0,0.736635269577086,0.5426315203849063,0.4893097296820242,0.4455121580703585,0.4395113627273264,3.0664887297677725
