,RMSE,MSE,MAE,EVS,R2,Max Error
0,0.7023636167907075,0.49331465019132376,0.49296882548505633,0.42502492142764037,0.41743274667051344,3.1804541592716893
