,RMSE,MSE,MAE,EVS,R2,Max Error
0,0.6900028922047209,0.47610399125087965,0.48166606544734997,0.5343408742777376,0.5339043039330753,2.454317991858124
