,RMSE,MSE,MAE,EVS,R2,Max Error
0,0.6758109443686326,0.45672043252842315,0.4363623148163292,0.46603322503655775,0.4606477472048567,3.1136709518500787
