,RMSE,MSE,MAE,EVS,R2,Max Error
0,0.7553389475172585,0.5705369256364797,0.4635878908780338,0.4610285361519475,0.4604372315517393,3.543345970025733
