,RMSE,MSE,MAE,EVS,R2,Max Error
0,0.7006535150919868,0.49091534821075705,0.4579982064769876,0.554743876740128,0.5484580103997929,3.651810021577226
