,RMSE,MSE,MAE,EVS,R2,Max Error
0,0.7005403154704434,0.49075673359942834,0.45612164189620225,0.49406632012653695,0.4930932640027609,2.9646990948266256
