,RMSE,MSE,MAE,EVS,R2,Max Error
0,0.6596089957317479,0.43508402725024503,0.4184299686656944,0.574903675634284,0.5740619775188051,2.8518155636990477
