,RMSE,MSE,MAE,EVS,R2,Max Error
0,0.36500720546682736,0.13323026004270272,0.21030234462060338,0.8765353372681239,0.8761367915970548,1.8133639985422825
