,RMSE,MSE,MAE,EVS,R2,Max Error
0,0.3821617126887371,0.14604757464518883,0.21488940296049133,0.8493482972339046,0.8493443031371414,1.973122270375948
