,RMSE,MSE,MAE,EVS,R2,Max Error
0,0.4152573469790286,0.17243866422006138,0.2264782909247003,0.8421058830003568,0.841415615702072,2.0043767377471107
