,RMSE,MSE,MAE,EVS,R2,Max Error
0,0.38672694712629513,0.14955773163362426,0.2157340136803918,0.7959755860791546,0.7952569176784368,1.8063605266981255
