,RMSE,MSE,MAE,EVS,R2,Max Error
0,1.173863129774438,1.377954647443839,0.792795143896505,0.09124676557114242,0.09119005792757529,4.352830359193093
