,RMSE,MSE,MAE,EVS,R2,Max Error
0,0.8633689745146594,0.7454059861544947,0.6810037393662726,0.21750258072555073,0.2172071588364698,2.8429695441597507
