,RMSE,MSE,MAE,EVS,R2,Max Error
0,0.7034610626490366,0.4948574666633118,0.5569167714627289,0.15132691352415928,0.15106655532332702,2.271149755201412
