,RMSE,MSE,MAE,EVS,R2,Max Error
0,0.8756130048064494,0.7666981341861793,0.6380115392826978,0.28452095288140244,0.2819583349075869,3.710970661495259
