,RMSE,MSE,MAE,EVS,R2,Max Error
0,0.8844226072657558,0.7822033482427574,0.6687360142829677,0.16480216824117155,0.15569818841972471,3.453850713898688
