,precision,recall,f1-score,support,ROC_AUC
Neutral or dissatisfied,0.9396074484146956,0.9512567934782608,0.94539623596928,11776.0,
Satisfied,0.9352071339880348,0.9200444197667962,0.92756381549485,9005.0,
accuracy,0.937731581733314,0.937731581733314,0.937731581733314,0.937731581733314,0.9803987594452358
macro avg,0.9374072912013652,0.9356506066225284,0.9364800257320652,20781.0,
weighted avg,0.937700666671176,0.937731581733314,0.9376689395748696,20781.0,
