,precision,recall,f1-score,support,ROC_AUC
Neutral or dissatisfied,0.9349829776633728,0.9561820652173914,0.9454637054452328,11776.0,
Satisfied,0.9409475852597848,0.9130483064963908,0.9267880290818914,9005.0,
accuracy,0.9374909773350656,0.9374909773350656,0.9374909773350656,0.9374909773350656,0.9808386616810106
macro avg,0.9379652814615788,0.9346151858568912,0.9361258672635622,20781.0,
weighted avg,0.937567612252935,0.9374909773350656,0.9373710022234488,20781.0,
