,precision,recall,f1-score,support,ROC_AUC
Neutral or dissatisfied,0.9306666666666666,0.9484501061571126,0.9394742376445848,11775.0,
Satisfied,0.9308656036446468,0.9076068850638536,0.9190891200449818,9005.0,
accuracy,0.9307507218479308,0.9307507218479308,0.9307507218479308,0.9307507218479308,0.9785472614294254
macro avg,0.9307661351556568,0.928028495610483,0.9292816788447832,20780.0,
weighted avg,0.9307528758816191,0.9307507218479308,0.930640359685758,20780.0,
