,precision,recall,f1-score,support,ROC_AUC
Neutral or dissatisfied,0.9353599465508602,0.9510869565217392,0.9431578947368422,11776.0,
Satisfied,0.9345974792778472,0.914047751249306,0.924208398832248,9005.0,
accuracy,0.935036812472932,0.935036812472932,0.935036812472932,0.935036812472932,0.9793678038544407
macro avg,0.9349787129143536,0.9325673538855226,0.933683146784545,20781.0,
weighted avg,0.9350295477349474,0.935036812472932,0.9349465376981592,20781.0,
