,RMSE,MSE,MAE,EVS,R2,Max Error
0,0.7813257941858894,0.6104699966602108,0.6074967562750943,0.4093267324391534,0.40894358449560997,2.8970302438322566
