,RMSE,MSE,MAE,EVS,R2,Max Error
0,0.7800163374870492,0.6084254867467103,0.6017708861527706,0.3997474680581108,0.39973351071585483,3.010629507751604
