,RMSE,MSE,MAE,EVS,R2,Max Error
0,0.766617297007962,0.5877020800717938,0.5961164069182833,0.40051230203257404,0.4004716476241411,3.1853238590334136
