,RMSE,MSE,MAE,EVS,R2,Max Error
0,0.7635859650460974,0.5830635260153799,0.5954068129701547,0.39992242733715677,0.3998611240474593,3.232056427616956
