,RMSE,MSE,MAE,EVS,R2,Max Error
0,0.763033674913036,0.5822203890512927,0.5992328026310385,0.4186703996917467,0.4185820585220982,3.13691368874203
