,RMSE,MSE,MAE,EVS,R2,Max Error
0,0.390083276925753,0.15216496293713372,0.24487052067550422,0.8706770843140154,0.8679103907404953,2.030461119641006
