,RMSE,MSE,MAE,EVS,R2,Max Error
0,0.4214633934647874,0.17763139203085418,0.2445039302896223,0.8372170376989246,0.8366400884360385,2.668679176038413
