,RMSE,MSE,MAE,EVS,R2,Max Error
0,0.4049919537776546,0.16401848262464194,0.24404130693175444,0.7754602968113928,0.7754602899932926,1.8031065862534468
