,RMSE,MSE,MAE,EVS,R2,Max Error
0,0.39050071409743065,0.15249080771060328,0.2188709985675835,0.8432831713251521,0.8426977718963584,1.8070917139117313
