,RMSE,MSE,MAE,EVS,R2,Max Error
0,0.37900937949862773,0.14364810974793482,0.22094012342746897,0.866840972102244,0.8664513921334785,1.828459026494838
