,RMSE,MSE,MAE,EVS,R2,Max Error
0,0.9384711413044765,0.8807280830613268,0.6886776273255663,0.1671182210884372,0.1670861930337525,3.076966404953077
