,RMSE,MSE,MAE,EVS,R2,Max Error
0,0.8517073648484229,0.7254054353370445,0.6415262076697569,0.14883797649354635,0.14335110086293767,2.653640500357745
