,RMSE,MSE,MAE,EVS,R2,Max Error
0,0.8813568344600254,0.7767898696493968,0.6752147776608911,0.2129763752714604,0.19764724471188555,3.02727443581986
