,RMSE,MSE,MAE,EVS,R2,Max Error
0,0.8938910671796366,0.7990412399835496,0.6512526200112124,0.224707456853394,0.2177555958776619,2.8699853373550352
