,RMSE,MSE,MAE,EVS,R2,Max Error
0,0.9588280591668966,0.9193512470457579,0.7174247259607276,0.16654917013457793,0.1543843704510668,2.901961106150699
