,RMSE,MSE,MAE,EVS,R2,Max Error
0,0.45086930300567335,0.20328312839282167,0.3121239951149835,0.7972586416230112,0.7969970473896787,3.220243185048486
