,RMSE,MSE,MAE,EVS,R2,Max Error
0,0.48412940058922,0.23438127651487745,0.3296925840004022,0.774435147150381,0.7730722919781194,3.49004411556597
