,RMSE,MSE,MAE,EVS,R2,Max Error
0,0.48576836519438715,0.23597090462362746,0.3280099545191048,0.7672898448411808,0.7671934697393828,3.4906585731999495
