,RMSE,MSE,MAE,EVS,R2,Max Error
0,0.4574543972904219,0.2092645256003432,0.31403301650951837,0.7846292279838087,0.7846070426857418,3.0884097195331406
