,RMSE,MSE,MAE,EVS,R2,Max Error
0,0.4749771686898824,0.225603310776657,0.32446024460975925,0.7702487869262153,0.7698568955482594,3.205497290413168
