,RMSE,MSE,MAE,EVS,R2,Max Error
0,0.5420077406829394,0.2937723909602245,0.25245200398444567,0.7504376294736315,0.7449854448477845,2.18116737933837
