,RMSE,MSE,MAE,EVS,R2,Max Error
0,0.5610669453026653,0.31479611711126404,0.2662466930739056,0.7111331198244151,0.71049562093708,2.0264055086599395
