,RMSE,MSE,MAE,EVS,R2,Max Error
0,0.509645763557557,0.25973880431216523,0.22455495926754337,0.7328285908164613,0.7320658651056621,1.9829592282204165
