,RMSE,MSE,MAE,EVS,R2,Max Error
0,0.46720960414832496,0.2182848142084345,0.21335500396718193,0.7057723155258866,0.7011702090099319,1.9743312824620909
