,RMSE,MSE,MAE,EVS,R2,Max Error
0,0.5333976696202529,0.28451307395631653,0.2539499161480131,0.7374711764654989,0.7354902545298756,2.0445859050252
