,RMSE,MSE,MAE,EVS,R2,Max Error
0,1.6268253269689004,2.6465606444674696,1.2405178294776362,-1.4539705018888083,-1.4786036735808814,4.930878925960889
