,RMSE,MSE,MAE,EVS,R2,Max Error
0,2.1812944412999724,4.758045439646159,1.7947581163232174,-2.1321598710867034,-2.1380996525569813,6.300625064822442
