,RMSE,MSE,MAE,EVS,R2,Max Error
0,1.7296237903884593,2.991598456277741,1.336575576632508,-2.114918001343915,-2.141646161565325,6.380083508717398
