,RMSE,MSE,MAE,EVS,R2,Max Error
0,1.769204290325484,3.1300838209061,1.4045751257246137,-2.3415985909433603,-2.378578532457208,4.814643575316097
