,RMSE,MSE,MAE,EVS,R2,Max Error
0,1.1044568921349585,1.219825026584411,0.8783896424419805,-1.0608989453514859,-1.0926232935385407,4.299399615011287
