,RMSE,MSE,MAE,EVS,R2,Max Error
0,1.0087555710206082,1.0175878020651135,0.7468312287140746,0.024845205500305778,0.0038031530325365326,3.0674798653842044
