,RMSE,MSE,MAE,EVS,R2,Max Error
0,1.0653545967510132,1.134980416818514,0.802150843628577,-0.07260196082993398,-0.0733629118746073,3.3980573343417007
