,RMSE,MSE,MAE,EVS,R2,Max Error
0,1.0060590834824368,1.0121548794575208,0.7719808567651394,-0.041064311646970886,-0.045463243074467474,3.2876724470185965
