,RMSE,MSE,MAE,EVS,R2,Max Error
0,1.125173324736004,1.266015010697473,0.8555074997971803,-0.14448301904798933,-0.16447558398325546,3.7028365203497544
