,RMSE,MSE,MAE,EVS,R2,Max Error
0,0.9746159923713201,0.9498763325859332,0.7640945197691359,-0.10906315325308502,-0.12173203423547019,3.1073743852740883
