,RMSE,MSE,MAE,EVS,R2,Max Error
0,0.919238296153946,0.8449990451160098,0.5848377560187488,0.2043480173461708,0.20087551982668894,5.157434648058967
