,RMSE,MSE,MAE,EVS,R2,Max Error
0,0.8109855510461038,0.6576975640055527,0.5449503512027114,0.23713583381000036,0.22330897078444845,4.686368237309427
