,RMSE,MSE,MAE,EVS,R2,Max Error
0,0.7505664286046154,0.5633499637482873,0.536721915748273,0.41913225475061044,0.41811110923870587,3.1659169490248313
