,RMSE,MSE,MAE,EVS,R2,Max Error
0,0.7122953108278142,0.5073646098272924,0.5121348586861115,0.5033706516373062,0.5033008222513224,2.7345613777890687
