,RMSE,MSE,MAE,EVS,R2,Max Error
0,0.7526623765190443,0.5665006530272956,0.5196906588530287,0.4853427169352673,0.47893494691075844,3.3650646728289653
