,RMSE,MSE,MAE,EVS,R2,Max Error
0,0.46821244338725043,0.2192228921426592,0.29945679335697345,0.7755983381355548,0.7755012221511662,7.103151408700501
