,RMSE,MSE,MAE,EVS,R2,Max Error
0,0.46520267050334335,0.21641352464344227,0.2977754798085486,0.7811853127615948,0.7811850781506553,3.067118420534005
