,RMSE,MSE,MAE,EVS,R2,Max Error
0,0.4746760378246531,0.2253173408849115,0.29982847532840373,0.7786560183481823,0.7786338791544236,4.427956723429479
