,RMSE,MSE,MAE,EVS,R2,Max Error
0,0.4874574254852469,0.23761474166070504,0.3054821959238314,0.7692088245084189,0.76916280989627,8.087089256086145
