,RMSE,MSE,MAE,EVS,R2,Max Error
0,0.45951293905868734,0.21115214116235292,0.29736267531108057,0.7861136627923383,0.7861112002702657,2.7152251553667
