,RMSE,MSE,MAE,EVS,R2,Max Error
0,0.4984785555254778,0.2484808703187669,0.3589312221556075,0.7440082959731001,0.7436790116788384,1.9390365005283707
