,RMSE,MSE,MAE,EVS,R2,Max Error
0,0.5199116696924628,0.27030814428240457,0.3619061849175452,0.7516534943199894,0.7514092861619747,2.5635503119977328
