,RMSE,MSE,MAE,EVS,R2,Max Error
0,0.47968037298248667,0.2300932602246175,0.3421199049263809,0.786538019413585,0.7860839614500482,2.2321316160856544
