,RMSE,MSE,MAE,EVS,R2,Max Error
0,0.4707854878290727,0.22163897555045795,0.3386918630719142,0.8077150324770374,0.8076021896760015,1.8265425270502016
