,RMSE,MSE,MAE,EVS,R2,Max Error
0,0.5077092898479398,0.2577687229978994,0.3627611320862031,0.6486475176702946,0.6471171212868427,1.860918278247849
