,RMSE,MSE,MAE,EVS,R2,Max Error
0,0.7908249639584033,0.6254041236198098,0.4613649959759307,0.4087762534660324,0.40854874561744425,3.7278009234440663
