,RMSE,MSE,MAE,EVS,R2,Max Error
0,0.704031866046851,0.4956608684094111,0.4405316347318153,0.551062106085294,0.5440930997487039,3.714695931829688
