,RMSE,MSE,MAE,EVS,R2,Max Error
0,0.6242436713108783,0.3896801611716839,0.39376540973803975,0.544125782848109,0.5398172320997651,2.892936619791361
