,RMSE,MSE,MAE,EVS,R2,Max Error
0,0.7487724058664097,0.5606601157869714,0.4704159549937201,0.42175150553641183,0.420889475702267,3.3568856084595686
