,RMSE,MSE,MAE,EVS,R2,Max Error
0,0.6691293188216132,0.44773404530667604,0.41491888782714875,0.561833832268978,0.5616778784992182,2.3907410858660554
