,RMSE,MSE,MAE,EVS,R2,Max Error
0,0.7140059019184095,0.5098044279743215,0.49533195483855724,0.5364443488099574,0.5310839097748209,3.256922576106932
