,RMSE,MSE,MAE,EVS,R2,Max Error
0,0.8011912927140435,0.6419074875208002,0.5250145468657937,0.3951344875379199,0.39294134088164456,3.250990364889824
