,RMSE,MSE,MAE,EVS,R2,Max Error
0,0.7294002871898295,0.5320247789526058,0.5037974109220423,0.4539052589104178,0.45046715469288834,3.1376474997529056
