,RMSE,MSE,MAE,EVS,R2,Max Error
0,0.672544567784553,0.45231619565651116,0.4534250689650194,0.5573645455904019,0.5571920506211985,2.5594107521584966
