,RMSE,MSE,MAE,EVS,R2,Max Error
0,0.6994054203704293,0.48916794204353686,0.4893293710602599,0.42942112803607313,0.4223296950483455,3.0551615065325266
