,RMSE,MSE,MAE,EVS,R2,Max Error
0,0.48077500242977816,0.23114460296135322,0.32280745211342554,0.7721425508495176,0.7719550506036731,3.2647674455219615
