,RMSE,MSE,MAE,EVS,R2,Max Error
0,0.4725305473628312,0.22328511819101685,0.3230144789661007,0.783860675504558,0.7838155809204926,3.4461501777807846
