,RMSE,MSE,MAE,EVS,R2,Max Error
0,0.4480011448415475,0.20070502577933721,0.30699415558164656,0.7995728365863012,0.7995715967229533,3.1154859876165766
