,RMSE,MSE,MAE,EVS,R2,Max Error
0,0.46683761076518315,0.21793735482494464,0.3161709393954146,0.77797429697843,0.7776771127926064,3.610399928759628
