,RMSE,MSE,MAE,EVS,R2,Max Error
0,0.4544447911116873,0.20652006816854507,0.3056873711823901,0.7874424431303707,0.7874318731282748,3.1361057239439702
