,RMSE,MSE,MAE,EVS,R2,Max Error
0,0.8717605516698319,0.7599664594476896,0.6697404371814074,0.20377206150851646,0.2019163851244602,2.9073152019852206
