,RMSE,MSE,MAE,EVS,R2,Max Error
0,1.06331610577036,1.1306411407906434,0.7244591149054224,0.26693893140418035,0.2543020834736698,4.2958155660355155
