,RMSE,MSE,MAE,EVS,R2,Max Error
0,0.725378887213775,0.5261745300154944,0.5718407828955078,0.09830922977333745,0.09734178756749468,2.707098050634708
