,RMSE,MSE,MAE,EVS,R2,Max Error
0,0.8831294759216644,0.7799176712416735,0.6819625615627453,0.16108098165400975,0.15816532338793698,2.974729446103125
