,RMSE,MSE,MAE,EVS,R2,Max Error
0,0.8737245949077826,0.7633946677467689,0.6554588361848184,0.2855099951594954,0.2850521555874155,3.101664591472974
