,precision,recall,f1-score,support,ROC_AUC
Neutral or dissatisfied,0.8755438798128232,0.9057324840764333,0.8903823676740692,11775.0,
Satisfied,0.870915222700314,0.8316490838423098,0.8508293569643263,9005.0,
accuracy,0.8736284889316651,0.8736284889316651,0.8736284889316651,0.8736284889316651,0.9253019188443317
macro avg,0.8732295512565686,0.8686907839593715,0.8706058623191977,20780.0,
weighted avg,0.8735380541488122,0.8736284889316651,0.8732420952274265,20780.0,
