,precision,recall,f1-score,support,ROC_AUC
Neutral or dissatisfied,0.8803206876601372,0.9044667119565216,0.8922303664921465,11776.0,
Satisfied,0.8704215618521078,0.8392004441976679,0.8545259229942895,9005.0,
accuracy,0.8761849766613734,0.8761849766613734,0.8761849766613734,0.8761849766613734,0.9291647963540786
macro avg,0.8753711247561224,0.8718335780770948,0.8733781447432181,20781.0,
weighted avg,0.8760311141121219,0.8761849766613734,0.8758919557468405,20781.0,
