,precision,recall,f1-score,support,ROC_AUC
Neutral or dissatisfied,0.9554682930904838,0.9712101910828026,0.9632749326145554,11775.0,
Satisfied,0.961525366019748,0.9408106607440312,0.9510552312528064,9005.0,
accuracy,0.9580365736284888,0.9580365736284888,0.9580365736284888,0.9580365736284888,0.9932309368114671
macro avg,0.958496829555116,0.9560104259134168,0.9571650819336808,20780.0,
weighted avg,0.958093121855066,0.9580365736284888,0.9579795326741056,20780.0,
