,precision,recall,f1-score,support,ROC_AUC
Neutral or dissatisfied,0.9535442199403776,0.9778362771739132,0.9655374811336576,11776.0,
Satisfied,0.9700172314761633,0.9377012770682954,0.9535855448898928,9005.0,
accuracy,0.960444636927963,0.960444636927963,0.960444636927963,0.960444636927963,0.9940398921643775
macro avg,0.9617807257082704,0.9577687771211044,0.9595615130117752,20781.0,
weighted avg,0.9606824456696372,0.960444636927963,0.960358366275128,20781.0,
