,precision,recall,f1-score,support,ROC_AUC
Neutral or dissatisfied,0.950961776603649,0.9781759510869564,0.9643769098748378,11776.0,
Satisfied,0.9703507152745732,0.9340366463076069,0.9518474509138232,9005.0,
accuracy,0.9590491314181224,0.9590491314181224,0.9590491314181224,0.9590491314181224,0.9940068394973807
macro avg,0.960656245939111,0.9561062986972816,0.9581121803943304,20781.0,
weighted avg,0.9593635567264376,0.9590491314181224,0.9589475379512568,20781.0,
