,precision,recall,f1-score,support,ROC_AUC
Neutral or dissatisfied,0.9458510290754656,0.9834408967391304,0.9642797668609492,11776.0,
Satisfied,0.9771582523134592,0.9263742365352582,0.951088815414434,9005.0,
accuracy,0.9587122852605746,0.9587122852605746,0.9587122852605746,0.9587122852605746,0.9928297779162543
macro avg,0.9615046406944624,0.9549075666371944,0.9576842911376916,20781.0,
weighted avg,0.959417341825484,0.9587122852605746,0.9585637513768112,20781.0,
