,precision,recall,f1-score,support,ROC_AUC
Neutral or dissatisfied,0.9069206454832808,0.9258661684782608,0.9162954870157156,11776.0,
Satisfied,0.900331088023747,0.8757357023875625,0.8878630938977707,9005.0,
accuracy,0.9041432077378374,0.9041432077378374,0.9041432077378374,0.9041432077378374,0.9623047770864014
macro avg,0.9036258667535138,0.9008009354329116,0.9020792904567432,20781.0,
weighted avg,0.9040652022936796,0.9041432077378374,0.9039749201504494,20781.0,
