,precision,recall,f1-score,support,ROC_AUC
Neutral or dissatisfied,0.9033916576830584,0.9251019021739132,0.9141178938535768,11776.0,
Satisfied,0.898876404494382,0.8706274292059967,0.8845264286117223,9005.0,
accuracy,0.901496559357105,0.901496559357105,0.901496559357105,0.901496559357105,0.9618032724120656
macro avg,0.90113403108872,0.8978646656899549,0.8993221612326494,20781.0,
weighted avg,0.9014350696957608,0.901496559357105,0.9012950679788402,20781.0,
