,precision,recall,f1-score,support,ROC_AUC
Neutral or dissatisfied,0.9174638110556168,0.9203464673913044,0.9189028784602992,11776.0,
Satisfied,0.8954058876003568,0.8917268184342032,0.8935625660713292,9005.0,
accuracy,0.9079447572301622,0.9079447572301622,0.9079447572301622,0.9079447572301622,0.9652304049079015
macro avg,0.9064348493279868,0.9060366429127538,0.9062327222658142,20781.0,
weighted avg,0.9079054837030054,0.9079447572301622,0.9079221983648912,20781.0,
