,precision,recall,f1-score,support,ROC_AUC
Neutral or dissatisfied,0.9022087199277444,0.9330842391304348,0.9173867668545188,11776.0,
Satisfied,0.9083933968844454,0.8677401443642421,0.8876015221218834,9005.0,
accuracy,0.9047687791732832,0.9047687791732832,0.9047687791732832,0.9047687791732832,0.9635273391292276
macro avg,0.905301058406095,0.9004121917473384,0.9024941444882012,20781.0,
weighted avg,0.904888716847772,0.9047687791732832,0.9044799707995944,20781.0,
