,precision,recall,f1-score,support,ROC_AUC
Neutral or dissatisfied,0.9042394014962594,0.9238216560509556,0.9139256458727156,11775.0,
Satisfied,0.8974857142857143,0.8720710716268739,0.8845958884821178,9005.0,
accuracy,0.901395572666025,0.901395572666025,0.901395572666025,0.901395572666025,0.9608284522281205
macro avg,0.9008625578909868,0.8979463638389147,0.8992607671774168,20780.0,
weighted avg,0.9013126953686867,0.901395572666025,0.9012156138562416,20780.0,
