,RMSE,MSE,MAE,EVS,R2,Max Error
0,0.4571857743618681,0.20901883227886095,0.3170563741411899,0.7915395277962438,0.7912692487603972,2.9442217938951503
