,RMSE,MSE,MAE,EVS,R2,Max Error
0,0.49850156720849575,0.2485038125093264,0.3465234814849755,0.7548320415878643,0.7548286283891356,3.508243731548033
