,RMSE,MSE,MAE,EVS,R2,Max Error
0,0.46890855084084393,0.2198752290516603,0.32203320727552803,0.7737044414680849,0.773685598695141,2.9936733818713974
