,RMSE,MSE,MAE,EVS,R2,Max Error
0,0.4820495827446049,0.23237180022424772,0.3380422433948906,0.7750181506519266,0.7750178648316233,3.323104737781241
