,precision,recall,f1-score,support,ROC_AUC
Neutral or dissatisfied,0.951900826446281,0.9780910326086956,0.9648182275087954,11776.0,
Satisfied,0.9702799216680106,0.9353692393114936,0.9525048060612914,9005.0,
accuracy,0.9595784610942688,0.9595784610942688,0.9595784610942688,0.9595784610942688,0.9928897725146659
macro avg,0.9610903740571458,0.9567301359600946,0.9586615167850434,20781.0,
weighted avg,0.9598650126005408,0.9595784610942688,0.9594824708014776,20781.0,
