,precision,recall,f1-score,support,ROC_AUC
Neutral or dissatisfied,0.9537390150887084,0.9769021739130436,0.9651816427552647,11776.0,
Satisfied,0.9688037618993004,0.9380344253192672,0.9531708417964342,9005.0,
accuracy,0.9600596698907656,0.9600596698907656,0.9600596698907656,0.9600596698907656,0.9936490455559109
macro avg,0.9612713884940044,0.9574682996161552,0.9591762422758494,20781.0,
weighted avg,0.960266999547078,0.9600596698907656,0.9599770201368022,20781.0,
