,precision,recall,f1-score,support,ROC_AUC
Neutral or dissatisfied,0.9540343915343916,0.9799592391304348,0.9668230563002682,11776.0,
Satisfied,0.9728267127230856,0.9382565241532482,0.9552289429055963,9005.0,
accuracy,0.9618882633174536,0.9618882633174536,0.9618882633174536,0.9618882633174536,0.993610047180914
macro avg,0.9634305521287386,0.9591078816418416,0.9610259996029322,20781.0,
weighted avg,0.9621776402858564,0.9618882633174536,0.961798996287804,20781.0,
