,precision,recall,f1-score,support,ROC_AUC
Neutral or dissatisfied,0.957913998170174,0.9780061141304348,0.967855792260179,11776.0,
Satisfied,0.9704270381365608,0.9438089950027764,0.9569329505151156,9005.0,
accuracy,0.9631875270679948,0.9631875270679948,0.9631875270679948,0.9631875270679948,0.9938709982226059
macro avg,0.9641705181533672,0.9609075545666056,0.9623943713876474,20781.0,
weighted avg,0.9633362552750924,0.9631875270679948,0.9631226133989936,20781.0,
