,precision,recall,f1-score,support,ROC_AUC
Neutral or dissatisfied,0.9520819563780568,0.9786836518046708,0.9651995477197536,11775.0,
Satisfied,0.9710696173351776,0.9355913381454748,0.9530003959052088,9005.0,
accuracy,0.960009624639076,0.960009624639076,0.960009624639076,0.960009624639076,0.993071808419715
macro avg,0.9615757868566172,0.9571374949750728,0.9590999718124812,20780.0,
weighted avg,0.9603102473751152,0.960009624639076,0.9599130529127288,20780.0,
