,RMSE,MSE,MAE,EVS,R2,Max Error
0,0.43398045185644357,0.18833903259352294,0.23522407192148978,0.827464466939941,0.8267927343429488,2.242200232625942
