,RMSE,MSE,MAE,EVS,R2,Max Error
0,0.37300156790109645,0.13913016965667627,0.20802484751404346,0.8708201946355936,0.870651688334178,1.8469945363106919
