,RMSE,MSE,MAE,EVS,R2,Max Error
0,0.3802881339781276,0.14461906484456635,0.21068986968589443,0.8027136528428722,0.8020179045555841,1.8777081646544764
