,RMSE,MSE,MAE,EVS,R2,Max Error
0,0.38826095529601223,0.15074656940737202,0.21067423496144272,0.8444971017777884,0.8444970447545802,1.872030730172625
