,RMSE,MSE,MAE,EVS,R2,Max Error
0,0.3632339545075182,0.13193890570716982,0.20784963069785067,0.8863228335166367,0.8854679936524751,2.125726210404755
