,precision,recall,f1-score,support,ROC_AUC
Income <= 50K,0.8824324324324324,0.9245550161812298,0.9030027657052548,4944.0,
Income > 50K,0.71996996996997,0.6116071428571429,0.6613793103448277,1568.0,
accuracy,0.8492014742014742,0.8492014742014742,0.8492014742014742,0.8492014742014742,0.9042090288785418
macro avg,0.8012012012012012,0.7680810795191864,0.7821910380250412,6512.0,
weighted avg,0.8433137068272203,0.8492014742014742,0.8448231622032355,6512.0,
