,RMSE,MSE,MAE,EVS,R2,Max Error
0,0.25953091877329515,0.06735629779931071,0.1690814621886712,0.931922020530709,0.9318962940818959,2.6163689395242793
