,RMSE,MSE,MAE,EVS,R2,Max Error
0,0.29798082101152823,0.08879256969070441,0.16939914991902782,0.9100648053565985,0.9100566252773113,16.428819460455795
