,RMSE,MSE,MAE,EVS,R2,Max Error
0,0.34824788745018714,0.1212765911135182,0.17494840954477953,0.8822217615966836,0.8821826149238737,23.736397094735686
