,RMSE,MSE,MAE,EVS,R2,Max Error
0,0.3373702046737587,0.11381865500161387,0.1725255316558077,0.8881797134017407,0.8881772967912056,22.08704777349297
