,RMSE,MSE,MAE,EVS,R2,Max Error
0,1.928808010563061,3.720300341612233,0.18517295197895547,-2.809442067374592,-2.8098342365588223,198.65525381907534
