,RMSE,MSE,MAE,EVS,R2,Max Error
0,0.7633678600489308,0.582730489755684,0.5360720671490181,0.40357103870818267,0.39809280178062056,3.2347483598379307
