,RMSE,MSE,MAE,EVS,R2,Max Error
0,0.7419021413773323,0.5504187873802712,0.5301103498425134,0.35237124652830365,0.3499970839692066,3.024361887232441
