,RMSE,MSE,MAE,EVS,R2,Max Error
0,0.8709825761545618,0.758610647964837,0.5673210149127391,0.28320889765571944,0.2825739351863874,3.734157546149427
