,RMSE,MSE,MAE,EVS,R2,Max Error
0,0.7418593596198941,0.5503553094556394,0.5222694521705482,0.46151001942575276,0.4612138403400119,2.803122761095841
