,RMSE,MSE,MAE,EVS,R2,Max Error
0,0.8033140469877381,0.6453134580878179,0.5769366694039183,0.4131713056589167,0.4064432415022663,3.754107143602737
