,RMSE,MSE,MAE,EVS,R2,Max Error
0,0.40358162635496797,0.162878129131321,0.21385514107009274,0.8321564813243272,0.8319827076374788,1.8998018274572943
