,RMSE,MSE,MAE,EVS,R2,Max Error
0,0.37785453118388596,0.14277404673619426,0.20540912802498504,0.8682623419449793,0.8672640021887754,1.8145349970879385
