,RMSE,MSE,MAE,EVS,R2,Max Error
0,0.3873595195973375,0.1500473974226801,0.22360101938162708,0.8740701476638341,0.8697485826342569,2.1689256875727625
