,RMSE,MSE,MAE,EVS,R2,Max Error
0,0.39718064454636715,0.15775246440226764,0.21315807971607634,0.7841348894393212,0.7840384080933639,1.8858408455423288
