,RMSE,MSE,MAE,EVS,R2,Max Error
0,0.43225474634554306,0.18684416573824977,0.23227363306382406,0.828342259568952,0.8281674987609122,1.9345424183372546
