,RMSE,MSE,MAE,EVS,R2,Max Error
0,0.3579124622779564,0.12810133065386958,0.21188112459106034,0.881506358505955,0.8809051201251941,1.8147402169949765
