,RMSE,MSE,MAE,EVS,R2,Max Error
0,0.3940146232897369,0.1552475233661533,0.22986910331236388,0.7876219115675549,0.7874676480474989,1.79378672611469
