,RMSE,MSE,MAE,EVS,R2,Max Error
0,0.3767955458620666,0.14197488338149275,0.21199243159988163,0.8536904297096751,0.8535454967682581,1.7887872428446168
