,RMSE,MSE,MAE,EVS,R2,Max Error
0,0.4233686542025804,0.1792410173613041,0.21641522457000767,0.8369595353577515,0.8351597856099044,2.593316037133536
