,RMSE,MSE,MAE,EVS,R2,Max Error
0,0.3649297775136265,0.13317374251614492,0.21978144224125512,0.8861554707104174,0.8843960707311376,2.0967293835552194
