,RMSE,MSE,MAE,EVS,R2,Max Error
0,0.5173367770483924,0.2676373408868181,0.3692047600355348,0.6358289212090642,0.633607079226425,1.8173209710966431
