,RMSE,MSE,MAE,EVS,R2,Max Error
0,0.4694250391104529,0.22035986734385024,0.3414206868093276,0.8088268108960828,0.8087125432025308,1.8509647337388406
