,RMSE,MSE,MAE,EVS,R2,Max Error
0,0.5001229241537453,0.25012293926409285,0.3514935829672419,0.7431354388507245,0.7419851318464896,2.0814774488719743
