,RMSE,MSE,MAE,EVS,R2,Max Error
0,0.4930561631686606,0.24310438003860085,0.3631715367572163,0.7741745816217673,0.7739876175371971,2.2257615900222536
