,RMSE,MSE,MAE,EVS,R2,Max Error
0,0.5183413741542507,0.268677780160117,0.3510891553192742,0.7537052448384164,0.7529086615583443,2.536043862400741
