,RMSE,MSE,MAE,EVS,R2,Max Error
0,0.6718512024179426,0.45138403819043527,0.5157288051981894,0.2269818316593174,0.22564570158584862,2.3159631932854365
