,RMSE,MSE,MAE,EVS,R2,Max Error
0,1.0775913163434487,1.1612030450588067,0.74974074076202,0.2589453880430652,0.2341454241096652,3.9070857390418454
