,RMSE,MSE,MAE,EVS,R2,Max Error
0,0.9062679391482722,0.8213215775280565,0.6802777254370254,0.12159858911287069,0.11347439594224684,3.6489196654287523
