,RMSE,MSE,MAE,EVS,R2,Max Error
0,0.8333213602702035,0.6944244894825824,0.6322865517246292,0.27496964185409223,0.2707457020838322,3.156697126497919
