,RMSE,MSE,MAE,EVS,R2,Max Error
0,0.891933518934625,0.7955454021991031,0.6553765345780931,0.25886754631819686,0.2549417824552277,3.1240708428803625
