,RMSE,MSE,MAE,EVS,R2,Max Error
0,0.8417737433023477,0.7085830349132467,0.6247964863949514,0.2389638827588907,0.23516315626069928,3.9697040592928223
