,RMSE,MSE,MAE,EVS,R2,Max Error
0,0.8230680738547544,0.6774410541989756,0.6072150964969911,0.36617841429011977,0.3655509504072032,3.286486942213407
