,RMSE,MSE,MAE,EVS,R2,Max Error
0,0.7346552673950382,0.5397183619112751,0.5921674557596424,0.07541587657978832,0.07410719449783076,2.0891140706158406
