,RMSE,MSE,MAE,EVS,R2,Max Error
0,1.0452983618059428,1.0926486651941878,0.7003129802818423,0.2869956938519831,0.2793594680618008,4.2315251021111076
