,RMSE,MSE,MAE,EVS,R2,Max Error
0,0.8050209330995888,0.6480587027285325,0.6107496747795363,0.32388740629707646,0.31943702818013564,2.8901226594322726
