,RMSE,MSE,MAE,EVS,R2,Max Error
0,0.6737737432104446,0.45397105703981416,0.5413036421378948,0.2214433061076253,0.22120764220269906,1.7190875115607716
