,RMSE,MSE,MAE,EVS,R2,Max Error
0,0.7853720967461385,0.616809330347426,0.602952050599502,0.3533034466293966,0.352253755500747,2.754507591095348
