,RMSE,MSE,MAE,EVS,R2,Max Error
0,0.845965812481258,0.7156581558870749,0.6311219482796284,0.2321193859587085,0.22752634740687316,3.6615305724919236
