,RMSE,MSE,MAE,EVS,R2,Max Error
0,1.0672031748131203,1.1389226163312034,0.7099939006161395,0.263056348750072,0.248840156754781,4.377745276722265
