,RMSE,MSE,MAE,EVS,R2,Max Error
0,0.7855075713962625,0.6170221447208545,0.5955584348471124,0.4231333881824697,0.4221355336092838,3.251622623608599
