,RMSE,MSE,MAE,EVS,R2,Max Error
0,0.7157340864963094,0.5122752825727065,0.5133091692133022,0.472294359214507,0.4715613054916876,2.6889006506151665
