,RMSE,MSE,MAE,EVS,R2,Max Error
0,0.7060783327178591,0.49854661193363176,0.4814055413594308,0.32668587149034667,0.31749452941478506,2.937217528373734
