,RMSE,MSE,MAE,EVS,R2,Max Error
0,0.6476986129663413,0.41951349323852244,0.45979281050340715,0.6100168225236664,0.6099813418948835,2.6425673295736396
