,RMSE,MSE,MAE,EVS,R2,Max Error
0,0.6796081585202036,0.46186724912722216,0.4739634553629705,0.5990771041811851,0.5990675955266902,2.968416649238474
