,RMSE,MSE,MAE,EVS,R2,Max Error
0,0.6676171107323714,0.4457126065426394,0.47619064467520283,0.590456338889483,0.590097385629331,2.510951716378531
