,RMSE,MSE,MAE,EVS,R2,Max Error
0,0.8180123018814495,0.6691441260293876,0.640530952275849,0.306618388516407,0.2972940366836989,2.725582887234442
