,RMSE,MSE,MAE,EVS,R2,Max Error
0,0.810144134217809,0.6563335182075233,0.5996290187107961,0.3872060802906724,0.38531895245847725,3.3934112914197967
