,RMSE,MSE,MAE,EVS,R2,Max Error
0,1.0489981064092506,1.1003970272501935,0.7104434905310973,0.28381422193241845,0.27424914858623783,4.407304236585659
