,RMSE,MSE,MAE,EVS,R2,Max Error
0,0.6522937640764139,0.4254871546529763,0.5345655734478031,0.27008627935274154,0.27007209105933205,1.6293724328447103
