,RMSE,MSE,MAE,EVS,R2,Max Error
0,0.8799519363306756,0.7743154102521054,0.6518523456486335,0.17129705528992045,0.16421234314701116,3.7819433184597364
