,RMSE,MSE,MAE,EVS,R2,Max Error
0,0.3837618445972312,0.14727315336866945,0.2321537555090448,0.8729356172040502,0.8721568164747644,1.9898320294292426
