,RMSE,MSE,MAE,EVS,R2,Max Error
0,0.4506976451771729,0.20312836736824885,0.21006678952181282,0.8297512302822576,0.8131916225503362,2.8981616086514803
