,RMSE,MSE,MAE,EVS,R2,Max Error
0,0.37396854997828755,0.13985247637286294,0.19670599392949945,0.8708350572649609,0.869980165008402,1.867526224257305
