,RMSE,MSE,MAE,EVS,R2,Max Error
0,0.39592489412013004,0.15675652178403618,0.2197406909339508,0.8397710980820751,0.8382974651612962,1.803419169858014
