,RMSE,MSE,MAE,EVS,R2,Max Error
0,0.4185700033141703,0.17520084767442456,0.21275555426307413,0.7680328388298384,0.7601517408268337,1.9859056688522694
