,RMSE,MSE,MAE,EVS,R2,Max Error
0,0.39857808645404114,0.1588644910013651,0.27168137308918733,0.8413643316095235,0.8413544646169872,2.8879334968931993
