,RMSE,MSE,MAE,EVS,R2,Max Error
0,0.41797145033380595,0.17470013329414522,0.2778233232276394,0.8217861843852956,0.8217843927642947,2.8219467997530776
