,RMSE,MSE,MAE,EVS,R2,Max Error
0,0.41766451852878644,0.17444365003788298,0.2785521634281222,0.831113019410785,0.8311038395613692,3.850986836932852
