,RMSE,MSE,MAE,EVS,R2,Max Error
0,0.4132324092454826,0.170761024050826,0.2736644112981006,0.8242388130036229,0.824238141372499,2.8382874704067063
