,RMSE,MSE,MAE,EVS,R2,Max Error
0,0.4285437971809693,0.18364978610228375,0.28386214956176353,0.8188131493615833,0.8188129610564869,3.558960012485228
