,RMSE,MSE,MAE,EVS,R2,Max Error
0,0.5146284572454888,0.26484244900687187,0.36668954153417116,0.7435798194094895,0.7435798164696132,3.384605346702292
