,RMSE,MSE,MAE,EVS,R2,Max Error
0,0.48618987866410424,0.23638059811541642,0.33912127406520454,0.7566970318304377,0.7566968604271205,3.3675684309665512
