,RMSE,MSE,MAE,EVS,R2,Max Error
0,0.48392768938641956,0.23418600855487898,0.3424657953679215,0.7661430597679713,0.7661367592454607,3.4763891987852107
