,RMSE,MSE,MAE,EVS,R2,Max Error
0,0.5163149957264577,0.266581174812012,0.35728180923226643,0.7369939093961507,0.7369936838621189,3.3872042813794234
