,RMSE,MSE,MAE,EVS,R2,Max Error
0,0.5030717900707168,0.2530812259649553,0.34958370138793404,0.7418402533888313,0.7418260449214391,3.4516069293001967
