,RMSE,MSE,MAE,EVS,R2,Max Error
0,0.8757701887540501,0.7669734235103045,0.6391978000187953,0.1842236370091671,0.17213720401679233,3.935633828607352
