,RMSE,MSE,MAE,EVS,R2,Max Error
0,0.6837788940748389,0.4675535759822098,0.5216947359950247,0.2012705484959847,0.19790668107766618,2.869465463759158
