,RMSE,MSE,MAE,EVS,R2,Max Error
0,0.8842148168632141,0.7818358423604472,0.6070437464845481,0.2692108371495484,0.2677813013418643,3.449789177091902
