,RMSE,MSE,MAE,EVS,R2,Max Error
0,0.7985827485654733,0.6377344063063859,0.500815682188156,0.3435341501436219,0.34127879619116497,3.40204889918648
