,RMSE,MSE,MAE,EVS,R2,Max Error
0,0.757819067261057,0.5742897387044184,0.4814433359601891,0.4773782972133088,0.4717705768077798,3.8495942852125475
