,RMSE,MSE,MAE,EVS,R2,Max Error
0,0.7608897798494302,0.5789532570793143,0.4610481662180367,0.45301008076697624,0.45247781842802615,3.7054442690989333
