,RMSE,MSE,MAE,EVS,R2,Max Error
0,0.7083564621528615,0.5017688774737183,0.43451629435084327,0.5090597220621009,0.5087789253848224,3.110111047750115
