,RMSE,MSE,MAE,EVS,R2,Max Error
0,0.6959226946417081,0.48430839691737615,0.4361858881811878,0.4368248901050543,0.42806844992919113,3.1606270318150242
