,RMSE,MSE,MAE,EVS,R2,Max Error
0,0.5343546996286651,0.2855349450152409,0.3835610382807953,0.7235482820749103,0.7235453633671571,3.416109784722032
