,RMSE,MSE,MAE,EVS,R2,Max Error
0,0.5405534866107483,0.29219807188703645,0.3839843382970253,0.7117532983959185,0.7117203098688634,3.6278634610435194
