,RMSE,MSE,MAE,EVS,R2,Max Error
0,0.5009668582011919,0.2509677930159731,0.359653846710535,0.7493781280499221,0.7493781043457339,3.1201499102768304
