,RMSE,MSE,MAE,EVS,R2,Max Error
0,0.5320036181372714,0.2830278497111477,0.3779554754249686,0.7113176415996983,0.7112768081523924,3.5180683842578704
