,RMSE,MSE,MAE,EVS,R2,Max Error
0,0.5120076008832782,0.26215178336225037,0.3641457770690665,0.7301768820909688,0.730170951232122,3.9999858000208923
