,precision,recall,f1-score,support,ROC_AUC
Neutral or dissatisfied,0.942510460251046,0.956436820652174,0.9494225743909634,11776.0,
Satisfied,0.941909183557921,0.9237090505274848,0.9327203408836062,9005.0,
accuracy,0.942254944420384,0.942254944420384,0.942254944420384,0.942254944420384,0.9853893821065591
macro avg,0.9422098219044834,0.9400729355898294,0.9410714576372848,20781.0,
weighted avg,0.9422499099107547,0.942254944420384,0.9421850202437256,20781.0,
