,precision,recall,f1-score,support,ROC_AUC
Neutral or dissatisfied,0.9436701994492196,0.9602581521739132,0.951891914642872,11776.0,
Satisfied,0.9468060922937032,0.9250416435313714,0.935797337527383,9005.0,
accuracy,0.9449978345604158,0.9449978345604158,0.9449978345604158,0.9449978345604158,0.9860709035816455
macro avg,0.9452381458714614,0.9426498978526424,0.9438446260851276,20781.0,
weighted avg,0.9450290712583036,0.9449978345604158,0.9449176753413476,20781.0,
