,precision,recall,f1-score,support,ROC_AUC
Neutral or dissatisfied,0.9414978566025048,0.9512526539278132,0.946350118283204,11775.0,
Satisfied,0.9353821907013397,0.9227096057745696,0.9290026833631484,9005.0,
accuracy,0.93888354186718,0.93888354186718,0.93888354186718,0.93888354186718,0.984197795280046
macro avg,0.9384400236519224,0.9369811298511914,0.9376764008231762,20780.0,
weighted avg,0.9388476366102048,0.93888354186718,0.93883261821318,20780.0,
