,precision,recall,f1-score,support,ROC_AUC
Neutral or dissatisfied,0.9472666105971403,0.956436820652174,0.951829629003634,11776.0,
Satisfied,0.9423012034641772,0.9303720155469184,0.936298614215467,9005.0,
accuracy,0.9451421971993648,0.9451421971993648,0.9451421971993648,0.9451421971993648,0.9858402657491006
macro avg,0.9447839070306588,0.9434044180995462,0.9440641216095504,20781.0,
weighted avg,0.9451149580668324,0.9451421971993648,0.9450995973320376,20781.0,
