,precision,recall,f1-score,support,ROC_AUC
Neutral or dissatisfied,0.9428595401913072,0.9542289402173914,0.9485101713513968,11776.0,
Satisfied,0.9391853774117116,0.924375347029428,0.9317215133199016,9005.0,
accuracy,0.9412925268273904,0.9412925268273904,0.9412925268273904,0.9412925268273904,0.9847154000344012
macro avg,0.9410224588015096,0.9393021436234096,0.9401158423356492,20781.0,
weighted avg,0.9412674206672104,0.9412925268273904,0.9412351669929148,20781.0,
