,precision,recall,f1-score,support,ROC_AUC
Neutral or dissatisfied,0.9509150712659188,0.9574558423913044,0.9541742478737358,11776.0,
Satisfied,0.9438592559390409,0.9353692393114936,0.9395950694405713,9005.0,
accuracy,0.9478850873393966,0.9478850873393966,0.9478850873393966,0.9478850873393966,0.9901105100125533
macro avg,0.9473871636024798,0.946412540851399,0.9468846586571537,20781.0,
weighted avg,0.9478575852441424,0.9478850873393966,0.94785667404232,20781.0,
