,precision,recall,f1-score,support,ROC_AUC
Neutral or dissatisfied,0.950621430970776,0.9612771739130436,0.9559196081742948,11776.0,
Satisfied,0.9486081370449678,0.9347029428095502,0.9416042062870568,9005.0,
accuracy,0.949761801645734,0.949761801645734,0.949761801645734,0.949761801645734,0.9906584534482655
macro avg,0.949614784007872,0.9479900583612968,0.9487619072306755,20781.0,
weighted avg,0.9497490132910732,0.949761801645734,0.9497163362434649,20781.0,
