,precision,recall,f1-score,support,ROC_AUC
Neutral or dissatisfied,0.9525184744754948,0.9522758152173914,0.952397129389783,11776.0,
Satisfied,0.9376110124333924,0.9379233759022764,0.9377671681563317,9005.0,
accuracy,0.9460564939127089,0.9460564939127089,0.9460564939127089,0.9460564939127089,0.9895096964548681
macro avg,0.9450647434544436,0.945099595559834,0.9450821487730572,20781.0,
weighted avg,0.9460586459932692,0.9460564939127089,0.9460575499226144,20781.0,
