,precision,recall,f1-score,support,ROC_AUC
Neutral or dissatisfied,0.9419166666666666,0.9599150743099788,0.9508307045215564,11775.0,
Satisfied,0.94624145785877,0.9225985563575791,0.9342704526286196,9005.0,
accuracy,0.9437439846005776,0.9437439846005776,0.9437439846005776,0.9437439846005776,0.986983164578301
macro avg,0.9440790622627182,0.941256815333779,0.942550578575088,20780.0,
weighted avg,0.9437908122241684,0.9437439846005776,0.9436543297238712,20780.0,
