,precision,recall,f1-score,support,ROC_AUC
Neutral or dissatisfied,0.953050063104754,0.9618716032608696,0.9574405139258696,11776.0,
Satisfied,0.9495278776978416,0.9380344253192672,0.943746159432434,9005.0,
accuracy,0.9515422741927724,0.9515422741927724,0.9515422741927724,0.9515422741927724,0.9910467067661687
macro avg,0.951288970401298,0.9499530142900684,0.9505933366791516,20781.0,
weighted avg,0.9515237997108246,0.9515422741927724,0.9515063595438192,20781.0,
