,RMSE,MSE,MAE,EVS,R2,Max Error
0,0.5448615554163863,0.2968741145707638,0.39265944644326883,0.7125687904806817,0.7125667912031688,3.4741627927617094
