,RMSE,MSE,MAE,EVS,R2,Max Error
0,0.52328789823496,0.27383022443916183,0.3746852414916501,0.7181595012806116,0.7181505003068642,4.35589078638709
