,RMSE,MSE,MAE,EVS,R2,Max Error
0,0.5130238387445584,0.26319345912020264,0.369834359486207,0.737172818781102,0.7371692883145746,3.2589224289132828
