,RMSE,MSE,MAE,EVS,R2,Max Error
0,0.5449230953896684,0.29694117988905766,0.3893810559071302,0.6971256229574843,0.6970835013725274,3.4990542154828637
