,RMSE,MSE,MAE,EVS,R2,Max Error
0,0.5560282670567881,0.30916743376617484,0.39573616476801915,0.6950166023997546,0.6949785074584341,3.761917271028987
