,RMSE,MSE,MAE,EVS,R2,Max Error
0,0.6006852770916769,0.3608228021147046,0.38444879173336366,0.6319167201819016,0.6319163954208852,3.5893802101584535
