,RMSE,MSE,MAE,EVS,R2,Max Error
0,0.6099015740923577,0.37197993008033564,0.3849807576660354,0.6398494187877505,0.6398494187827677,4.064994281945275
