,RMSE,MSE,MAE,EVS,R2,Max Error
0,0.6015204831550861,0.36182689165512827,0.37506658237705337,0.6276638698113024,0.6275768001965835,3.996661944700258
