,RMSE,MSE,MAE,EVS,R2,Max Error
0,0.6144118305466608,0.3775018975156986,0.3864844878109262,0.6277850072159856,0.6275604101802088,3.720194585078705
