,RMSE,MSE,MAE,EVS,R2,Max Error
0,0.5679249341161466,0.32253873079082945,0.3666684104144471,0.6779060595208859,0.6779058095013258,3.683627275792001
