,RMSE,MSE,MAE,EVS,R2,Max Error
0,0.6148672957990577,0.37806179144324603,0.46513701214154807,0.6499392043027987,0.6485186890146699,2.628189341038352
