,RMSE,MSE,MAE,EVS,R2,Max Error
0,0.6025749685847732,0.3630965927649405,0.45560149351506934,0.6278955967125415,0.6254469110875185,2.239230808690106
