,RMSE,MSE,MAE,EVS,R2,Max Error
0,0.6365779211525298,0.40523144969887637,0.4830685186431719,0.6482313534383686,0.6482313482867826,1.9328171175940398
