,RMSE,MSE,MAE,EVS,R2,Max Error
0,0.6151606925661764,0.3784226776784978,0.4610613043115233,0.48254635081963937,0.48194302894297314,2.4400198755414815
