,RMSE,MSE,MAE,EVS,R2,Max Error
0,0.6536917031716256,0.42731284279542076,0.47916484919653934,0.6080065629894642,0.6070188528552442,2.802961118797231
