,RMSE,MSE,MAE,EVS,R2,Max Error
0,0.8588846796395604,0.7376828929195502,0.6550196112725786,0.309908735035745,0.3091322006354109,3.244951201952344
