,RMSE,MSE,MAE,EVS,R2,Max Error
0,1.0640999043313528,1.1323086063979944,0.7035419045785809,0.2571159985386886,0.2532023307896205,4.708117576356352
