,RMSE,MSE,MAE,EVS,R2,Max Error
0,0.7020771272312095,0.492912292581228,0.5690416830750014,0.15443613107143517,0.15440352292560167,2.0650271622834806
