,RMSE,MSE,MAE,EVS,R2,Max Error
0,0.8089690947810064,0.6544309963108009,0.6290861082920957,0.31671432724749604,0.312745123512552,2.8248321511315835
