,RMSE,MSE,MAE,EVS,R2,Max Error
0,0.8812433880658022,0.776589909009694,0.6590154132974138,0.1659814591982619,0.1617572738536064,3.8658929952808982
