,precision,recall,f1-score,support,ROC_AUC
Neutral or dissatisfied,0.9589837263367652,0.9808084239130436,0.9697732997481108,11776.0,
Satisfied,0.974132997596429,0.9451415880066628,0.9594183293878932,9005.0,
accuracy,0.9653529666522304,0.9653529666522304,0.9653529666522304,0.9653529666522304,0.995517671719214
macro avg,0.9665583619665972,0.9629750059598532,0.964595814568002,20781.0,
weighted avg,0.9655483376496602,0.9653529666522304,0.965286195754378,20781.0,
