,precision,recall,f1-score,support,ROC_AUC
Neutral or dissatisfied,0.9577534791252486,0.981827445652174,0.9696410600469642,11776.0,
Satisfied,0.975427718452176,0.943364797334814,0.9591283730382748,9005.0,
accuracy,0.9651604831336316,0.9651604831336316,0.9651604831336316,0.9651604831336316,0.9953135938971104
macro avg,0.9665905987887122,0.962596121493494,0.9643847165426196,20781.0,
weighted avg,0.9654122311169228,0.9651604831336316,0.9650856129311736,20781.0,
