,precision,recall,f1-score,support,ROC_AUC
Neutral or dissatisfied,0.957693902944836,0.9803838315217392,0.9689060467458352,11776.0,
Satisfied,0.9735273894109556,0.943364797334814,0.9582087868704529,9005.0,
accuracy,0.9643424281795872,0.9643424281795872,0.9643424281795872,0.9643424281795872,0.9955538269047389
macro avg,0.965610646177896,0.9618743144282766,0.963557416808144,20781.0,
weighted avg,0.9645550042213584,0.9643424281795872,0.9642706189426582,20781.0,
