,precision,recall,f1-score,support,ROC_AUC
Neutral or dissatisfied,0.9562515535669898,0.9800441576086956,0.9680016775005242,11776.0,
Satisfied,0.9730257116620752,0.941365907828984,0.9569340181746344,9005.0,
accuracy,0.9632837688272942,0.9632837688272942,0.9632837688272942,0.9632837688272942,0.9948895956050986
macro avg,0.9646386326145324,0.9607050327188398,0.9624678478375794,20781.0,
weighted avg,0.9635202746894692,0.9632837688272942,0.963205745051189,20781.0,
