,RMSE,MSE,MAE,EVS,R2,Max Error
0,0.82299026035796,0.6773129686440628,0.6409743718135195,-0.12487628236446824,-0.16193787167083062,2.612458017272025
