,RMSE,MSE,MAE,EVS,R2,Max Error
0,1.0727026776201916,1.1506910345735288,0.7303129998029144,0.24650426957186022,0.2410784677028721,4.257636019440896
