,RMSE,MSE,MAE,EVS,R2,Max Error
0,0.8760589592278905,0.7674793000434547,0.6558219365845996,0.19402994775621107,0.19402672775062102,3.2307046427601382
