,RMSE,MSE,MAE,EVS,R2,Max Error
0,0.9131976944307106,0.8339300291135656,0.6599813660552878,0.12654066424685217,0.09986497003173056,4.122015771796256
