,RMSE,MSE,MAE,EVS,R2,Max Error
0,0.9192552323078996,0.8450301821254506,0.6620105376077655,0.22206065758488336,0.20859742319477093,3.8254454395588544
