,RMSE,MSE,MAE,EVS,R2,Max Error
0,0.9368136739467084,0.8776198596935297,0.5314515447866827,0.17196239159952376,0.17002567254844525,3.6012835144668562
