,RMSE,MSE,MAE,EVS,R2,Max Error
0,0.956584458260678,0.9150538257858747,0.5413229283686103,0.1684703071840996,0.15833712147608636,4.243222429791311
