,RMSE,MSE,MAE,EVS,R2,Max Error
0,0.8722474712906871,0.7608156511729981,0.5190280228339877,0.11817469442088946,0.1015343168461742,3.763982113967078
