,RMSE,MSE,MAE,EVS,R2,Max Error
0,0.9313217073603923,0.8673601226006763,0.5326581130853552,0.15128748359225297,0.1508728607334301,3.770273144391961
