,RMSE,MSE,MAE,EVS,R2,Max Error
0,1.101445791249646,1.2131828310615589,0.6022895161486549,-0.2385962445898302,-0.2531066961645885,4.497702837714237
