,RMSE,MSE,MAE,EVS,R2,Max Error
0,0.1563732923226331,0.024452606551819668,0.0885959091954915,0.9757565393928358,0.9752760591073746,3.151064007905565
