,RMSE,MSE,MAE,EVS,R2,Max Error
0,0.141848454805892,0.02012098413081919,0.08229856328046746,0.9794953882912412,0.979394778062023,1.763692758931961
