,RMSE,MSE,MAE,EVS,R2,Max Error
0,0.14784908525410592,0.021859352010475883,0.08462622052161418,0.9778583206149176,0.9778573376587476,1.7274387758959637
