,RMSE,MSE,MAE,EVS,R2,Max Error
0,0.1473266114627463,0.021705130445095012,0.08066819568477054,0.9786862563290951,0.9786754960350251,1.7023313247469751
