,RMSE,MSE,MAE,EVS,R2,Max Error
0,0.4422158029984953,0.195554816421604,0.30631165481460076,0.7987210860607132,0.7987182485647865,3.1498827892834385
