,RMSE,MSE,MAE,EVS,R2,Max Error
0,0.4612165645449019,0.21272071941060164,0.3209100975491529,0.7901428363809699,0.7901318695221639,3.333442045366365
