,RMSE,MSE,MAE,EVS,R2,Max Error
0,0.42425640844803175,0.17999350010922313,0.29795902081024855,0.8202864486788125,0.8202545766502048,2.796942674828017
