,RMSE,MSE,MAE,EVS,R2,Max Error
0,0.4518665047776095,0.2041833381399334,0.31380114654504165,0.8023127096976284,0.8023099044884219,3.53894779281563
