,RMSE,MSE,MAE,EVS,R2,Max Error
0,0.4438642214400358,0.1970154470745691,0.3066108763847336,0.7990690893115301,0.7990200300758157,3.475415294795691
