,precision,recall,f1-score,support,ROC_AUC
Neutral or dissatisfied,0.9498393872003954,0.9792798913043478,0.9643349918468034,11776.0,
Satisfied,0.9717592592592592,0.9323709050527484,0.951657693397563,9005.0,
accuracy,0.958952889658823,0.958952889658823,0.958952889658823,0.958952889658823,0.9937197056511479
macro avg,0.9607993232298272,0.955825398178548,0.9579963426221833,20781.0,
weighted avg,0.9593378929455506,0.958952889658823,0.9588415568564078,20781.0,
