,precision,recall,f1-score,support,ROC_AUC
Neutral or dissatisfied,0.94474034620506,0.9640764331210192,0.9543104535328484,11775.0,
Satisfied,0.9517343678685533,0.9262631871182676,0.9388260453598964,9005.0,
accuracy,0.9476900866217516,0.9476900866217516,0.9476900866217516,0.9476900866217516,0.9897644879997075
macro avg,0.9482373570368066,0.9451698101196432,0.9465682494463724,20780.0,
weighted avg,0.947771201117464,0.9476900866217516,0.9476002949381692,20780.0,
