,precision,recall,f1-score,support,ROC_AUC
Neutral or dissatisfied,0.9462144851371326,0.978515625,0.9620940135259248,11776.0,
Satisfied,0.97059165407416,0.9272626318711826,0.9484325306678782,9005.0,
accuracy,0.9563062412780906,0.9563062412780906,0.9563062412780906,0.9563062412780906,0.9926944647297395
macro avg,0.9584030696056464,0.9528891284355914,0.9552632720969014,20781.0,
weighted avg,0.9567778077047634,0.9563062412780906,0.9561741033610284,20781.0,
