,precision,recall,f1-score,support,ROC_AUC
Neutral or dissatisfied,0.9541253850636916,0.9731657608695652,0.9635515197376716,11776.0,
Satisfied,0.9639680729760548,0.938811771238201,0.9512236286919832,9005.0,
accuracy,0.9582791973437276,0.9582791973437276,0.9582791973437276,0.9582791973437276,0.9931336078386405
macro avg,0.9590467290198732,0.955988766053883,0.9573875742148276,20781.0,
weighted avg,0.9583905024618354,0.9582791973437276,0.9582094929407694,20781.0,
