,precision,recall,f1-score,support,ROC_AUC
Neutral or dissatisfied,0.95505711665138,0.97265625,0.963776347343178,11776.0,
Satisfied,0.9633591260810196,0.9401443642420876,0.9516101837801384,9005.0,
accuracy,0.9585679226216256,0.9585679226216256,0.9585679226216256,0.9585679226216256,0.9933756844401057
macro avg,0.9592081213661998,0.9564003071210438,0.957693265561658,20781.0,
weighted avg,0.9586546141208908,0.9585679226216256,0.9585044016771768,20781.0,
