,RMSE,MSE,MAE,EVS,R2,Max Error
0,0.6795388630505119,0.4617730663959824,0.5017834873421478,0.5291407567204975,0.5289347187028641,3.4112550616244155
