,RMSE,MSE,MAE,EVS,R2,Max Error
0,0.6987673821375857,0.4882758543394148,0.5161452072785263,0.4974531645093222,0.4974247070802139,3.258201359645251
