,RMSE,MSE,MAE,EVS,R2,Max Error
0,0.7501532315707241,0.5627298708360005,0.5597710519932918,0.45528815878623075,0.4551655246396923,3.2171422229039215
