,RMSE,MSE,MAE,EVS,R2,Max Error
0,0.6793446119252206,0.4615091017518285,0.5051747099960503,0.5391689791220116,0.5391269750083858,3.2647487216047297
