,RMSE,MSE,MAE,EVS,R2,Max Error
0,0.7144233968453078,0.510400789959988,0.5250857353386659,0.49677494663429667,0.49644369443602543,3.9328457632557967
