,RMSE,MSE,MAE,EVS,R2,Max Error
0,0.8813519394989127,0.776781241258495,0.5894129795596059,0.20226363065337205,0.19765615704903639,4.0101828590221675
