,RMSE,MSE,MAE,EVS,R2,Max Error
0,0.885558908079111,0.7842145796782674,0.6181904962404103,0.07482178457221222,0.07390195379982833,2.9793691580414494
