,RMSE,MSE,MAE,EVS,R2,Max Error
0,0.9153313090999876,0.8378314054186972,0.626738500543064,0.20925935061903878,0.20765403203956145,3.168226433541629
