,RMSE,MSE,MAE,EVS,R2,Max Error
0,0.9379219557710772,0.8796975951174425,0.678902279221558,0.21243800498676524,0.19085764217069257,3.248124636089577
