,RMSE,MSE,MAE,EVS,R2,Max Error
0,0.8912838427875606,0.7943868884141609,0.6394924656163252,0.22240627806337931,0.22231210721623462,2.859493383442759
