,precision,recall,f1-score,support,ROC_AUC
Neutral or dissatisfied,0.9467754141091398,0.9561820652173914,0.9514554903037729,11776.0,
Satisfied,0.941944194419442,0.929705719044975,0.9357849438327838,9005.0,
accuracy,0.9447091092825176,0.9447091092825176,0.9447091092825176,0.9447091092825176,0.988879281664172
macro avg,0.9443598042642908,0.9429438921311832,0.9436202170682784,20781.0,
weighted avg,0.9446819088251917,0.9447091092825176,0.9446649955743924,20781.0,
