,precision,recall,f1-score,support,ROC_AUC
Neutral or dissatisfied,0.9527864429643368,0.9596637228260868,0.9562127173499176,11776.0,
Satisfied,0.9467488789237668,0.937812326485286,0.9422594142259414,9005.0,
accuracy,0.9501948895625812,0.9501948895625812,0.9501948895625812,0.9501948895625812,0.9902289055144485
macro avg,0.949767660944052,0.9487380246556864,0.9492360657879296,20781.0,
weighted avg,0.9501701942667125,0.9501948895625812,0.9501663531407166,20781.0,
