,precision,recall,f1-score,support,ROC_AUC
Neutral or dissatisfied,0.9470948268634192,0.9592391304347826,0.9531282959962876,11776.0,
Satisfied,0.9457872148181612,0.9299278178789562,0.9377904697911418,9005.0,
accuracy,0.9465377027092056,0.9465377027092056,0.9465377027092056,0.9465377027092056,0.9892140330402192
macro avg,0.9464410208407904,0.9445834741568694,0.9454593828937146,20781.0,
weighted avg,0.946528201269485,0.9465377027092056,0.9464819784476932,20781.0,
