,precision,recall,f1-score,support,ROC_AUC
Neutral or dissatisfied,0.948255519973032,0.9555027173913044,0.9518653244226376,11776.0,
Satisfied,0.94122265844083,0.9318156579677956,0.9364955357142856,9005.0,
accuracy,0.9452384389586642,0.9452384389586642,0.9452384389586642,0.9452384389586642,0.989178735998117
macro avg,0.9447390892069312,0.94365918767955,0.9441804300684616,20781.0,
weighted avg,0.9452079804851596,0.9452384389586642,0.945205156609794,20781.0,
