,precision,recall,f1-score,support,ROC_AUC
Neutral or dissatisfied,0.941788290555276,0.9535456475583864,0.9476305017512766,11775.0,
Satisfied,0.9382479114924362,0.9229317046085508,0.930526787213794,9005.0,
accuracy,0.940279114533205,0.940279114533205,0.940279114533205,0.940279114533205,0.9871662900181665
macro avg,0.940018101023856,0.9382386760834688,0.9390786444825352,20780.0,
weighted avg,0.9402540695032608,0.940279114533205,0.9402186177565686,20780.0,
