,precision,recall,f1-score,support,ROC_AUC
Neutral or dissatisfied,0.9501700680272108,0.9488790760869564,0.949524133242692,11776.0,
Satisfied,0.9332668218601042,0.9349250416435314,0.9340951958282482,9005.0,
accuracy,0.9428323949761802,0.9428323949761802,0.9428323949761802,0.9428323949761802,0.941902058865244
macro avg,0.9417184449436576,0.941902058865244,0.94180966453547,20781.0,
weighted avg,0.9428454093613722,0.9428323949761802,0.942838334608504,20781.0,
