,precision,recall,f1-score,support,ROC_AUC
Neutral or dissatisfied,0.9557309540150996,0.9459918478260868,0.9508364629566404,11776.0,
Satisfied,0.9303013698630136,0.9426985008328708,0.9364589078874792,9005.0,
accuracy,0.9445647466435686,0.9445647466435686,0.9445647466435686,0.9445647466435686,0.9443451743294788
macro avg,0.9430161619390568,0.9443451743294788,0.94364768542206,20781.0,
weighted avg,0.9447115899185916,0.9445647466435686,0.944606258279397,20781.0,
