,precision,recall,f1-score,support,ROC_AUC
Neutral or dissatisfied,0.9516170104405398,0.9520210597826086,0.9518189922316084,11776.0,
Satisfied,0.9372222222222222,0.9367018323153804,0.9369619550124964,9005.0,
accuracy,0.9453828015976132,0.9453828015976132,0.9453828015976132,0.9453828015976132,0.9443614460489945
macro avg,0.9444196163313808,0.9443614460489944,0.9443904736220524,20781.0,
weighted avg,0.945379338148256,0.9453828015976132,0.9453810142633632,20781.0,
