,precision,recall,f1-score,support,ROC_AUC
Neutral or dissatisfied,0.9524744027303754,0.9480254777070064,0.9502447329218984,11775.0,
Satisfied,0.932450331125828,0.9381454747362576,0.9352892333241074,9005.0,
accuracy,0.9437439846005776,0.9437439846005776,0.9437439846005776,0.9437439846005776,0.9430854762216321
macro avg,0.9424623669281016,0.943085476221632,0.9427669831230028,20780.0,
weighted avg,0.9437969838276348,0.9437439846005776,0.9437637765273792,20780.0,
