,precision,recall,f1-score,support,ROC_AUC
Neutral or dissatisfied,0.9550110978316544,0.9499830163043478,0.9524904214559384,11776.0,
Satisfied,0.9350391529723172,0.9414769572459744,0.9382470119521912,9005.0,
accuracy,0.9462970983109572,0.9462970983109572,0.9462970983109572,0.9462970983109572,0.9457299867751611
macro avg,0.9450251254019858,0.9457299867751612,0.9453687167040647,20781.0,
weighted avg,0.946356684499364,0.9462970983109572,0.9463183458781876,20781.0,
