,RMSE,MSE,MAE,EVS,R2,Max Error
0,0.8435760682394889,0.711620582906395,0.6473121564744095,0.16261838731028733,0.15962996794089945,2.8619164352175
