,RMSE,MSE,MAE,EVS,R2,Max Error
0,0.8983074217739961,0.8069562240142442,0.6671941186499567,0.17147450519977714,0.16648816490493923,2.7853408381122082
