,RMSE,MSE,MAE,EVS,R2,Max Error
0,0.9862237335874552,0.9726372526911798,0.7131281366612804,0.08017050938982839,0.08016672510283507,3.0986952163241837
