,RMSE,MSE,MAE,EVS,R2,Max Error
0,0.9329038748700454,0.8703096397475455,0.6977353749905139,0.20838435221108387,0.19949264627364305,2.8631563237533877
