,RMSE,MSE,MAE,EVS,R2,Max Error
0,0.8827394624828837,0.7792289586245705,0.6476492862941255,0.24069340602183198,0.23715139856023393,2.768848361206157
