,RMSE,MSE,MAE,EVS,R2,Max Error
0,1.1944393083564782,1.4266852613471017,0.8609350748921878,-0.488312608913962,-0.4982426086186016,4.008210128285943
