,RMSE,MSE,MAE,EVS,R2,Max Error
0,1.1845390736047772,1.4031328168964636,0.8630351500967613,-0.4941142205286275,-0.5145263464479013,5.239856268444623
