,RMSE,MSE,MAE,EVS,R2,Max Error
0,1.20286986000079,1.4468959000983206,0.8673605387984583,-1.4722772097415686,-1.4821658827161612,4.155048098328955
