,RMSE,MSE,MAE,EVS,R2,Max Error
0,1.1328384765150228,1.283323013872878,0.8565100615362468,-0.19450029918976175,-0.20188031331367484,3.430838621839868
