,RMSE,MSE,MAE,EVS,R2,Max Error
0,1.4737188236303862,2.171847171122529,1.031373934542337,-0.42160763531248957,-0.4324102069973754,5.5458306455926145
