,RMSE,MSE,MAE,EVS,R2,Max Error
0,1.0750276414997315,1.1556844299884754,0.756151166923892,0.25311565563733207,0.23778514639783455,4.216536530705697
