,RMSE,MSE,MAE,EVS,R2,Max Error
0,0.684497015374579,0.46853616405670656,0.5321976517146716,0.20336989520972426,0.19622104039327837,2.628806949338985
