,RMSE,MSE,MAE,EVS,R2,Max Error
0,0.9953693757619061,0.9907601942046466,0.7181517177149565,0.0755648953043192,0.07211578086189252,3.7195685784187225
