,RMSE,MSE,MAE,EVS,R2,Max Error
0,1.0219928902645066,1.0444694677511996,0.7881644348716406,-0.09350851782419434,-0.09685626001944025,4.287621863114218
