,RMSE,MSE,MAE,EVS,R2,Max Error
0,0.9912027929960632,0.9824829768431965,0.7157404184088011,-0.04266097000063174,-0.06048147078252186,4.139186648060828
