,RMSE,MSE,MAE,EVS,R2,Max Error
0,0.4326500736458134,0.1871860862257278,0.2789651520095743,0.8187666788931781,0.818766626104222,2.925374485794455
