,RMSE,MSE,MAE,EVS,R2,Max Error
0,0.43784022891003577,0.1917040660519925,0.28527081802756915,0.8108887090472288,0.8108666891555927,3.2157523019241863
