,RMSE,MSE,MAE,EVS,R2,Max Error
0,0.4217043006128898,0.17783451715540657,0.27220643841741904,0.8170510715792261,0.8169574969633869,2.8212742063799974
