,RMSE,MSE,MAE,EVS,R2,Max Error
0,0.428920180042757,0.1839725208479111,0.2772184434395866,0.8123447565141688,0.8123254178496226,3.0601684566471
