,RMSE,MSE,MAE,EVS,R2,Max Error
0,0.4012262444338326,0.1609824992224776,0.26330843121329234,0.8392488290188194,0.8392393755491531,3.0456938715109696
