,RMSE,MSE,MAE,EVS,R2,Max Error
0,0.8532301314190803,0.7280016571614211,0.5423209087585494,0.151578178656395,0.1402851594466944,5.50701070061735
