,RMSE,MSE,MAE,EVS,R2,Max Error
0,0.7271586464997427,0.5287596971793378,0.5219277969560491,0.4545773995305038,0.4538396849734455,3.193887456969161
