,RMSE,MSE,MAE,EVS,R2,Max Error
0,0.9322427523197235,0.8690765492526533,0.5882681848059945,0.18141043951681657,0.1781051710454965,5.381594315613313
