,RMSE,MSE,MAE,EVS,R2,Max Error
0,0.7224162946115057,0.5218853027202177,0.5089825150166016,0.48922631606481004,0.4890853722956934,2.7201666992067146
