,RMSE,MSE,MAE,EVS,R2,Max Error
0,0.7473624991866183,0.5585507051904681,0.5218330243576612,0.49207463687196384,0.48624727739002016,3.4356830911619367
