,RMSE,MSE,MAE,EVS,R2,Max Error
0,0.21672558467112582,0.04696997905104133,0.1350816672699337,0.9543706736255607,0.9543697587633029,2.1212685939353975
