,RMSE,MSE,MAE,EVS,R2,Max Error
0,0.21668394930179266,0.04695193388502185,0.13297986118838773,0.9539175497710216,0.9538714267197298,2.5268301516237415
