,RMSE,MSE,MAE,EVS,R2,Max Error
0,0.20118362477795135,0.04047485087879552,0.12737158876636792,0.958615103334575,0.9585510688820293,1.868241795382314
