,RMSE,MSE,MAE,EVS,R2,Max Error
0,0.40816654235089017,0.166599926294681,0.2701135317112366,0.8285288939978946,0.8285210992641844,2.7911413028024508
