,RMSE,MSE,MAE,EVS,R2,Max Error
0,0.41313531575864737,0.17068078912699725,0.27560485864172823,0.8258934846089301,0.8258846178066621,3.1279963441788015
