,RMSE,MSE,MAE,EVS,R2,Max Error
0,0.4284301898539571,0.18355242757829773,0.2882485007373512,0.8189145248226677,0.8189090140007965,3.227875883210639
