,RMSE,MSE,MAE,EVS,R2,Max Error
0,0.4138855902775114,0.171301281839364,0.2796815825587902,0.8341479440619785,0.8341462771811912,2.9835081303035516
