,RMSE,MSE,MAE,EVS,R2,Max Error
0,0.3906984372878633,0.15264526889917845,0.26420397840272264,0.8475653441150884,0.8475651150515061,2.851629860743714
