,precision,recall,f1-score,support,ROC_AUC
Neutral or dissatisfied,0.9348081112786996,0.9473505434782608,0.9410375369042598,11776.0,
Satisfied,0.9299197468068272,0.9136035535813436,0.9216894465606096,9005.0,
accuracy,0.9327270102497474,0.9327270102497474,0.9327270102497474,0.9327270102497474,0.978707811406103
macro avg,0.9323639290427634,0.9304770485298024,0.9313634917324348,20781.0,
weighted avg,0.9326898435307948,0.9327270102497474,0.932653457526724,20781.0,
