,precision,recall,f1-score,support,ROC_AUC
Neutral or dissatisfied,0.9323465462451916,0.9468365180467092,0.9395356676357814,11775.0,
Satisfied,0.9290410337791885,0.9101610216546364,0.9195041229595556,9005.0,
accuracy,0.9309432146294514,0.9309432146294514,0.9309432146294514,0.9309432146294514,0.9790935396824835
macro avg,0.93069379001219,0.9284987698506728,0.9295198952976688,20780.0,
weighted avg,0.9309141044859828,0.9309432146294514,0.9308550102821044,20780.0,
