,precision,recall,f1-score,support,ROC_AUC
Neutral or dissatisfied,0.9349289454001496,0.9553328804347826,0.94502079045739,11776.0,
Satisfied,0.9398719707361682,0.9130483064963908,0.9262659832141046,9005.0,
accuracy,0.9370097685385688,0.9370097685385688,0.9370097685385688,0.9370097685385688,0.9810805779699684
macro avg,0.937400458068159,0.9341905934655867,0.9356433868357472,20781.0,
weighted avg,0.937070899259485,0.9370097685385688,0.9368937975684152,20781.0,
