,precision,recall,f1-score,support,ROC_AUC
Neutral or dissatisfied,0.9395539906103286,0.9516813858695652,0.945578805264934,11776.0,
Satisfied,0.935728001807297,0.9199333703498056,0.9277634673535672,9005.0,
accuracy,0.9379240652519129,0.9379240652519129,0.9379240652519129,0.9379240652519129,0.980647092949569
macro avg,0.9376409962088128,0.9358073781096854,0.9366711363092506,20781.0,
weighted avg,0.9378960805400096,0.9379240652519129,0.9378589112323148,20781.0,
