,RMSE,MSE,MAE,EVS,R2,Max Error
0,0.8522857974325738,0.7263910805052782,0.6536999139059971,0.31998291893457464,0.3197074080427713,3.3753414087943336
