,RMSE,MSE,MAE,EVS,R2,Max Error
0,0.711831292951464,0.506703789624953,0.5747468526714467,0.13557175531604804,0.13074405756172258,2.0562230779636383
