,RMSE,MSE,MAE,EVS,R2,Max Error
0,0.8129057589451146,0.6608157729261328,0.6365440430710617,0.31634537803960905,0.3060401097083374,2.5599823404592312
