,RMSE,MSE,MAE,EVS,R2,Max Error
0,0.8440347509245744,0.7123946607683083,0.6178053860986497,0.2422392872535475,0.23104892864747772,3.8970306905079193
