,RMSE,MSE,MAE,EVS,R2,Max Error
0,1.0610131997340495,1.1257490100098861,0.7230115756419105,0.262337158264647,0.2575286171623643,4.498526179821242
