,RMSE,MSE,MAE,EVS,R2,Max Error
0,0.4259517567450256,0.18143489907417348,0.24089793270745968,0.7520910010506852,0.7516173849965216,2.0808676846002934
