,RMSE,MSE,MAE,EVS,R2,Max Error
0,0.4496206868442782,0.20215876203832048,0.25769847192104384,0.7919108903263037,0.7914626843629047,1.977639180496251
