,RMSE,MSE,MAE,EVS,R2,Max Error
0,0.4214778600679549,0.1776435865274626,0.2566114888829632,0.8482239953162249,0.8457932004914696,1.9828911281497932
