,RMSE,MSE,MAE,EVS,R2,Max Error
0,0.4607220568641833,0.21226481368116376,0.25518674635041116,0.8050370505893969,0.8047892278799875,1.816511855590601
