,RMSE,MSE,MAE,EVS,R2,Max Error
0,0.4168447954072155,0.17375958345808332,0.2284789727059878,0.8384750509443936,0.8384569729806187,1.8907351818481088
