,precision,recall,f1-score,support,ROC_AUC
Neutral or dissatisfied,0.958614372553918,0.9775815217391304,0.9680050451965524,11776.0,
Satisfied,0.9699042407660738,0.9448084397556912,0.9571918771446252,9005.0,
accuracy,0.9633800105865936,0.9633800105865936,0.9633800105865936,0.9633800105865936,0.9952163973668011
macro avg,0.9642593066599958,0.9611949807474108,0.9625984611705888,20781.0,
weighted avg,0.9635065944513466,0.9633800105865936,0.9633193910746332,20781.0,
