,precision,recall,f1-score,support,ROC_AUC
Neutral or dissatisfied,0.9598102845731404,0.9795346467391304,0.969572161049004,11776.0,
Satisfied,0.9724980029670204,0.9463631315935592,0.9592525889239082,9005.0,
accuracy,0.9651604831336316,0.9651604831336316,0.9651604831336316,0.9651604831336316,0.9955696318319533
macro avg,0.9661541437700804,0.9629488891663448,0.9644123749864562,20781.0,
weighted avg,0.965308234822738,0.9651604831336316,0.9651003961201514,20781.0,
