,precision,recall,f1-score,support,ROC_AUC
Neutral or dissatisfied,0.9556441564914028,0.9769870923913044,0.9661977745118624,11776.0,
Satisfied,0.9690002287805994,0.9406996113270404,0.9546402208824026,9005.0,
accuracy,0.9612626918820076,0.9612626918820076,0.9612626918820076,0.9612626918820076,0.9946006558856191
macro avg,0.9623221926360012,0.9588433518591724,0.9604189976971323,20781.0,
weighted avg,0.9614317235461268,0.9612626918820076,0.9611895568883946,20781.0,
