,precision,recall,f1-score,support,ROC_AUC
Neutral or dissatisfied,0.9550888261663624,0.9770700636942676,0.9659544099743924,11775.0,
Satisfied,0.9690863292878408,0.9399222654081066,0.9542815265798524,9005.0,
accuracy,0.9609720885466796,0.9609720885466796,0.9609720885466796,0.9609720885466796,0.9944635240388979
macro avg,0.9620875777271014,0.9584961645511872,0.9601179682771224,20780.0,
weighted avg,0.9611546353871954,0.9609720885466796,0.960895973257942,20780.0,
