,precision,recall,f1-score,support,ROC_AUC
Neutral or dissatisfied,0.9591683991683992,0.9794497282608696,0.96920297466493,11776.0,
Satisfied,0.9723618090452262,0.9454747362576348,0.9587298012499296,9005.0,
accuracy,0.9647273952167844,0.9647273952167844,0.9647273952167844,0.9647273952167844,0.9953104913785821
macro avg,0.9657651041068128,0.962462232259252,0.9639663879574298,20781.0,
weighted avg,0.9648854799605088,0.9647273952167844,0.9646646499162616,20781.0,
