,precision,recall,f1-score,support,ROC_AUC
Neutral or dissatisfied,0.9332329317269076,0.9472611464968153,0.9401947148817804,11775.0,
Satisfied,0.9296556411418216,0.9113825652415324,0.9204284192227892,9005.0,
accuracy,0.9317131857555342,0.9317131857555342,0.9317131857555342,0.9317131857555342,0.9790216004083601
macro avg,0.9314442864343646,0.9293218558691738,0.9303115670522848,20780.0,
weighted avg,0.931682715089819,0.9317131857555342,0.9316290030237816,20780.0,
