,precision,recall,f1-score,support,ROC_AUC
Neutral or dissatisfied,0.935508155583438,0.9497282608695652,0.942564577978172,11776.0,
Satisfied,0.9329254475413552,0.9143808995002776,0.9235600919746508,9005.0,
accuracy,0.9344112410374862,0.9344112410374862,0.9344112410374862,0.9344112410374862,0.9797599235328199
macro avg,0.9342168015623964,0.9320545801849214,0.9330623349764114,20781.0,
weighted avg,0.9343889945267536,0.9344112410374862,0.934329392161238,20781.0,
