,precision,recall,f1-score,support,ROC_AUC
Neutral or dissatisfied,0.9402233229787592,0.9510020380434784,0.9455819647908136,11776.0,
Satisfied,0.9349492671927848,0.9209328151027208,0.927888111888112,9005.0,
accuracy,0.9379721861315624,0.9379721861315624,0.9379721861315624,0.9379721861315624,0.9804574432531443
macro avg,0.9375862950857718,0.9359674265730996,0.9367350383394628,20781.0,
weighted avg,0.9379379241840572,0.9379721861315624,0.9379147136773528,20781.0,
