,precision,recall,f1-score,support,ROC_AUC
Neutral or dissatisfied,0.9354007316262056,0.9554177989130436,0.9453033103680054,11776.0,
Satisfied,0.9400205643779276,0.9137146029983344,0.926680932537448,9005.0,
accuracy,0.9373466146961168,0.9373466146961168,0.9373466146961168,0.9373466146961168,0.9809704432772854
macro avg,0.9377106480020664,0.9345662009556888,0.9359921214527268,20781.0,
weighted avg,0.93740263692091,0.9373466146961168,0.9372337029206176,20781.0,
