,precision,recall,f1-score,support,ROC_AUC
Neutral or dissatisfied,0.9347698499203488,0.9467561141304348,0.9407248027675824,11776.0,
Satisfied,0.9291845493562232,0.9136035535813436,0.9213281818690856,9005.0,
accuracy,0.9323901640921995,0.9323901640921995,0.9323901640921995,0.9323901640921995,0.9785727434034232
macro avg,0.931977199638286,0.9301798338558892,0.931026492318334,20781.0,
weighted avg,0.9323495798861854,0.9323901640921995,0.9323196937164796,20781.0,
