,RMSE,MSE,MAE,EVS,R2,Max Error
0,0.918487897230435,0.8436200173587861,0.569137211547716,0.01973055577805327,0.0037486294480100213,6.989805208472013
