,RMSE,MSE,MAE,EVS,R2,Max Error
0,0.804467618389036,0.6471681490365278,0.5762328473507292,0.34465979747887876,0.33153460439882765,3.395402060799572
