,RMSE,MSE,MAE,EVS,R2,Max Error
0,0.8543762660804269,0.7299588040415325,0.5811385327976739,0.310335408511618,0.30967028519240924,3.1468560623308974
