,RMSE,MSE,MAE,EVS,R2,Max Error
0,0.7579273268165444,0.574453832735273,0.5439416040171422,0.4772478204357832,0.47161964376923526,3.1174570092318192
