,RMSE,MSE,MAE,EVS,R2,Max Error
0,0.7287038222412433,0.5310092605489976,0.5345455591054007,0.4809141370695905,0.48015321135346445,2.628263031368851
