,RMSE,MSE,MAE,EVS,R2,Max Error
0,0.5666547956746045,0.32109765746102786,0.4091828002517851,0.6834158957209371,0.6832082682924585,3.760849596496304
