,RMSE,MSE,MAE,EVS,R2,Max Error
0,0.5340601575370487,0.2852202518684973,0.38784807115400416,0.7065972581048869,0.7064269093883513,4.324599263734038
