,RMSE,MSE,MAE,EVS,R2,Max Error
0,0.5538588786397768,0.30675965744811096,0.4023826148698384,0.7030553441676946,0.7029956188763297,3.306512175582602
