,RMSE,MSE,MAE,EVS,R2,Max Error
0,0.5212791832241243,0.27173198686281014,0.3802188043691712,0.7287166547801814,0.7286425288318841,3.075697186475768
