,RMSE,MSE,MAE,EVS,R2,Max Error
0,0.5570265443007986,0.31027857105568946,0.4031666929374198,0.6834808121633114,0.6834777231691455,3.509920597074397
