,RMSE,MSE,MAE,EVS,R2,Max Error
0,0.8161905608216712,0.666167031574394,0.6642557375733805,0.30042080221781275,0.3004204513759918,2.250561704217909
