,RMSE,MSE,MAE,EVS,R2,Max Error
0,0.7568923775650607,0.5728860712160904,0.6207900920794176,0.022414524777694678,0.01720762318888891,2.0489569140749593
