,RMSE,MSE,MAE,EVS,R2,Max Error
0,0.8749052787303082,0.7654592467501583,0.666552023853291,0.18145865123622817,0.17377158999138087,3.5256298148933984
