,RMSE,MSE,MAE,EVS,R2,Max Error
0,0.8843181080367882,0.7820185162017647,0.6869974754861933,0.2692608235726689,0.26761022041269567,3.096695279163646
