,RMSE,MSE,MAE,EVS,R2,Max Error
0,1.078981800258517,1.1642017252891104,0.71061313305031,0.23805600748476063,0.23216768818675126,4.888447630194454
