,RMSE,MSE,MAE,EVS,R2,Max Error
0,0.5102795365366859,0.26038520540809496,0.3617254271058994,0.6454998333503927,0.6435351822747164,1.7939413339962145
