,RMSE,MSE,MAE,EVS,R2,Max Error
0,0.48260830440866126,0.23291077548420305,0.3492958632730782,0.7836733818171526,0.7834645379071934,2.230720035894934
