,RMSE,MSE,MAE,EVS,R2,Max Error
0,0.5183908116343386,0.26872903358690836,0.34850028919085085,0.7535328105799164,0.7528615259976067,2.5990515476486893
