,RMSE,MSE,MAE,EVS,R2,Max Error
0,0.5012865050369202,0.25128816013213023,0.3517622459691931,0.7419672781588476,0.7407831456971147,2.0383675610449448
