,RMSE,MSE,MAE,EVS,R2,Max Error
0,0.14148168218555926,0.020017066394055597,0.07577275235430593,0.980554958547999,0.9805538859742904,2.3945755198370033
