,RMSE,MSE,MAE,EVS,R2,Max Error
0,0.1430776332057758,0.02047120912376652,0.07488209987348629,0.9798879526377273,0.9798877790100432,1.724101449823389
