,RMSE,MSE,MAE,EVS,R2,Max Error
0,0.1409286689017382,0.019860889718415747,0.07659843323019601,0.9799213902282433,0.9799187271740353,1.4828520583178892
