,RMSE,MSE,MAE,EVS,R2,Max Error
0,0.1336124210527314,0.017852279059572387,0.07190226273319976,0.9817193149524424,0.9817180824889298,1.8537812727721583
