,RMSE,MSE,MAE,EVS,R2,Max Error
0,0.1361241822229526,0.01852979298586761,0.07296205718906595,0.9812300508910785,0.9812300497680471,1.760581580353589
