,RMSE,MSE,MAE,EVS,R2,Max Error
0,0.8542355522448635,0.729718378719087,0.6598977486713029,0.24744907508835157,0.2472574013869051,2.3498731372968535
