,RMSE,MSE,MAE,EVS,R2,Max Error
0,0.9010614642631712,0.8119117623800902,0.6746001364089814,0.2533205297005888,0.25331985420058256,3.8349680468222442
