,RMSE,MSE,MAE,EVS,R2,Max Error
0,0.7461787291950933,0.5567826959032044,0.5872392039020268,0.24097687938372858,0.23776989596369158,3.285975391173615
