,RMSE,MSE,MAE,EVS,R2,Max Error
0,0.927177636623759,0.8596583698552193,0.7020304331195644,0.2577431706223847,0.25375765893129965,2.9045342190953365
