,RMSE,MSE,MAE,EVS,R2,Max Error
0,0.887641267327663,0.7879070194630596,0.6949679554988314,0.26826122078906967,0.2674885471017161,3.6100553326287237
